iso_code;country;year;co2;co2_per_capita;trade_co2;cement_co2;cement_co2_per_capita;coal_co2;coal_co2_per_capita;flaring_co2;flaring_co2_per_capita;gas_co2;gas_co2_per_capita;oil_co2;oil_co2_per_capita;co2_growth_prct;co2_growth_abs;co2_per_unit_energy;cumulative_co2;cumulative_cement_co2;cumulative_coal_co2;cumulative_flaring_co2;cumulative_gas_co2;cumulative_oil_co2;cumulative_other_co2;share_global_co2;share_global_cement_co2;share_global_coal_co2;share_global_flaring_co2;share_global_gas_co2;share_global_oil_co2;share_global_other_co2;share_global_cumulative_co2;share_global_cumulative_cement_co2;share_global_cumulative_coal_co2;share_global_cumulative_flaring_co2;share_global_cumulative_gas_co2;share_global_cumulative_oil_co2;population;gdp;primary_energy_consumption;energy_per_capita
AFG;Afghanistan;2020;12.16;0.312;;0.061;0.002;7.508;0.193;;;0.314;0.008;4.277;0.11;0.11;0.014;;192.849;2.504;60.405;;20.15;103.833;;0.03;0.0;0.05;;0.0;0.04;;0.01;0.01;0.01;;0.01;0.02;38928341.0;;;
;Africa;2020;1.326.044;0.99;;77.025;0.058;446.097;0.333;44.459;0.033;287.016;0.214;471.446;0.352;-5.85;-82.435;0.407;47.610.745;1.862.331;20.304.718;2.786.571;5.948.864;16.708.261;;3.81;4.74;3.19;10.22;3.88;4.26;;2.81;4.31;2.58;15.66;2.43;2.82;1340598111.0;;5.162.275;3.850.725
ALB;Albania;2020;4.535;1.576;;0.78;0.271;0.461;0.16;;;0.153;0.053;3.14;1.091;-6.76;-0.329;;285.503;19.484;66.964;;16.602;182.453;;0.01;0.05;0.0;;0.0;0.03;;0.02;0.05;0.01;;0.01;0.03;2877800.0;;;
DZA;Algeria;2020;154.995;3.535;;10.749;0.245;1.099;0.025;5.599;0.128;88.219;2.012;49.33;1.125;-6.99;-11.646;0.243;4.587.132;229.286;116.449;588.666;2.062.656;1.590.074;;0.45;0.66;0.01;1.29;1.19;0.45;;0.27;0.53;0.01;3.31;0.84;0.27;43851043.0;;638.496;14.560.575
AND;Andorra;2020;0.466;6.035;;;;;;;;;;0.466;6.035;-7.08;-0.036;;15.071;;;;;15.071;;0.0;;;;;0.0;;0.0;;;;;0.0;77265.0;;;
AGO;Angola;2020;22.198;0.675;;1.937;0.059;;;7.867;0.239;1.314;0.04;11.08;0.337;-5.49;-1.289;;682.26;26.912;;288.528;40.78;324.439;;0.06;0.12;;1.81;0.02;0.1;;0.04;0.06;;1.62;0.02;0.05;32866267.0;;;
AIA;Anguilla;2020;0.123;8.227;;;;;;;;;;0.123;8.227;-11.51;-0.016;;3.421;;;;;3.421;;0.0;;;;;0.0;;0.0;;;;;0.0;15002.0;;;
ATA;Antarctica;2020;;;;;;;;;;;;;;0.0;;;;;;;;;;;;;;;;;;;;;;;;;;
ATG;Antigua and Barbuda;2020;0.43;4.395;;;;;;;;;;0.43;4.395;-11.51;-0.056;;21.527;;;;;21.527;;0.0;;;;;0.0;;0.0;;;;;0.0;97928.0;;;
ARG;Argentina;2020;156.978;3.473;;3.649;0.081;2.816;0.062;1.847;0.041;86.702;1.918;61.965;1.371;-6.32;-10.588;0.18;8.431.213;197.058;537.442;184.48;2.868.907;4.643.326;;0.45;0.22;0.02;0.42;1.17;0.56;;0.5;0.46;0.07;1.04;1.17;0.78;45195777.0;;874.612;19.351.623
ARM;Armenia;2020;5.89;1.988;;0.315;0.106;0.004;0.002;;;4.873;1.644;0.698;0.236;6.54;0.362;;383.336;14.831;43.765;;157.331;165.259;;0.02;0.02;0.0;;0.07;0.01;;0.02;0.03;0.01;;0.06;0.03;2963234.0;;;
ABW;Aruba;2020;0.753;7.055;;;;;;;;;;0.753;7.055;-11.51;-0.098;;75.921;;;;;75.921;;0.0;;;;;0.01;;0.0;;;;;0.01;106766.0;;;
;Asia;2020;20.317.058;4.379;;1.315.197;0.284;11.139.156;2.401;141.588;0.03;2.954.287;0.637;4566.48;0.984;-1.41;-291.534;0.251;532.916.155;26.509.177;281.003.765;6377.15;57.253.253;156.292.299;5.480.512;58.37;80.87;79.7;32.55;39.93;41.24;67.29;31.41;61.42;35.64;35.84;23.35;26.37;4639847425.0;;;
;Asia (excl. China & India);2020;7.207.379;3.959;;334.056;0.184;2.130.503;1.17;139.909;0.077;2.222.049;1.221;2.352.049;1.292;-3.81;-285.257;0.228;242.935.653;9.229.001;68550.83;6.180.302;48.790.943;109.432.079;752.499;20.71;20.54;15.24;32.16;30.03;21.24;9.68;14.32;21.38;8.7;34.73;19.9;18.47;;;;
AUS;Australia;2020;391.892;15.368;;3.025;0.119;159.817;6.267;20.341;0.798;80.208;3.145;124.606;4.886;-5.46;-22.625;0.253;18635.75;192.373;10.231.205;287.304;2082.69;5.731.696;110.483;1.13;0.19;1.14;4.68;1.08;1.13;1.31;1.1;0.45;1.3;1.61;0.85;0.97;25499881.0;;1546.83;60.660.293
AUT;Austria;2020;60.635;6.732;;1.771;0.197;10.205;1.133;0.118;0.013;17.037;1.892;30.342;3.369;-10.78;-7.328;0.158;5.505.509;137.848;2.730.362;4.663;722.562;1.875.277;34.797;0.17;0.11;0.07;0.03;0.23;0.27;0.39;0.32;0.32;0.35;0.03;0.29;0.32;9006400.0;;384.36;42.676.308
AZE;Azerbaijan;2020;37.72;3.72;;1.083;0.107;0.004;0.0;2.667;0.263;23.405;2.308;10.561;1.042;-2.59;-1.005;0.218;2.503.756;30.8;24.287;51.843;1.035.549;1.361.277;;0.11;0.07;0.0;0.61;0.32;0.1;;0.15;0.07;0.0;0.29;0.42;0.23;10139175.0;;172.744;17.037.319
BHS;Bahamas;2020;2.338;5.945;;;;0.008;0.021;;;;;2.329;5.923;-11.38;-0.3;;169.519;;0.271;;;164.987;;0.01;;0.0;;;0.02;;0.01;;0.0;;;0.03;393248.0;;;
BHR;Bahrain;2020;34.96;20.546;;0.524;0.308;;;;;30.83;18.118;3.606;2.119;1.51;0.521;;926.303;7.325;;;705.17;213.655;;0.1;0.03;;;0.42;0.03;;0.05;0.02;;;0.29;0.04;1701583.0;;;
BGD;Bangladesh;2020;92.842;0.564;;1.461;0.009;14.751;0.09;;;59.226;0.36;17.404;0.106;-1.46;-1.373;0.21;1.562.306;23.038;119.442;;969.642;450.183;;0.27;0.09;0.11;;0.8;0.16;;0.09;0.05;0.02;;0.4;0.08;164689383.0;;442.121;2.684.575
BRB;Barbados;2020;1.087;3.782;;0.071;0.246;;;;;0.054;0.188;0.962;3.348;-10.58;-0.129;;54.875;3.627;;;1.734;49.423;;0.0;0.0;;;0.0;0.01;;0.0;0.01;;;0.0;0.01;287371.0;;;
BLR;Belarus;2020;57.445;6.079;;2.267;0.24;3.379;0.358;0.002;0.0;34.006;3.599;16.8;1.778;-5.86;-3.577;0.211;4.907.842;86.573;512.624;9.985;1.289.099;2956.73;52.832;0.17;0.14;0.02;0.0;0.46;0.15;0.33;0.29;0.2;0.07;0.06;0.53;0.5;9449321.0;;272.812;28.871.065
BEL;Belgium;2020;83.749;7.226;;2.819;0.243;10.902;0.941;0.116;0.01;35.47;3.06;32.58;2.811;-16.04;-15.997;0.138;12.543.142;220.787;7.523.715;3.243;1.334.425;3.386.795;74.177;0.24;0.17;0.08;0.03;0.48;0.29;0.63;0.74;0.51;0.95;0.02;0.54;0.57;11589616.0;;608.567;52.509.636
BLZ;Belize;2020;0.583;1.466;;;;;;;;0.007;0.018;0.576;1.448;-11.48;-0.076;;19.063;;;;0.068;18.995;;0.0;;;;0.0;0.01;;0.0;;;;0.0;0.0;397621.0;;;
BEN;Benin;2020;6.703;0.553;;0.212;0.018;;;;;0.04;0.003;6.451;0.532;-8.37;-0.612;;111.665;5.505;;;0.327;104.88;;0.02;0.01;;;0.0;0.06;;0.01;0.01;;;0.0;0.02;12123198.0;;;
BMU;Bermuda;2020;0.624;10.028;;;;0.017;0.27;;;;;0.608;9.758;-10.54;-0.074;;29.205;;0.076;;;29.13;;0.0;;0.0;;;0.01;;0.0;;0.0;;;0.0;62273.0;;;
BTN;Bhutan;2020;1.925;2.495;;0.359;0.465;0.965;1.251;;;;;0.601;0.779;-0.11;-0.002;;19.193;4.195;6.259;;;8.738;;0.01;0.02;0.01;;;0.01;;0.0;0.01;0.0;;;0.0;771612.0;;;
BOL;Bolivia;2020;20.7;1.773;;1.439;0.123;0.015;0.001;0.154;0.013;7.69;0.659;11.402;0.977;-13.2;-3.148;;530.155;27.36;0.363;31.365;160.16;310.908;;0.06;0.09;0.0;0.04;0.1;0.1;;0.03;0.06;0.0;0.18;0.07;0.05;11673029.0;;;
BES;Bonaire Sint Eustatius and Saba;2020;0.301;11.466;;;;;;;;;;0.301;11.466;-11.51;-0.039;;30.354;;;;;30.354;;0.0;;;;;0.0;;0.0;;;;;0.01;26221.0;;;
BIH;Bosnia and Herzegovina;2020;21.418;6.528;;0.381;0.116;16.201;4.938;;;0.463;0.141;4.373;1.333;-13.8;-3.429;;954.784;11.141;755.118;;24.318;163.882;;0.06;0.02;0.12;;0.01;0.04;;0.06;0.03;0.1;;0.01;0.03;3280815.0;;;
BWA;Botswana;2020;6.519;2.772;;0.006;0.003;3.738;1.59;;;;;2.775;1.18;-5.86;-0.406;;150.402;0.256;88.074;;;62.069;;0.02;0.0;0.03;;;0.03;;0.01;0.0;0.01;;;0.01;2351625.0;;;
BRA;Brazil;2020;467.384;2.199;;22.198;0.104;55.446;0.261;17.505;0.082;60.331;0.284;305.512;1.437;-3.79;-18.41;0.14;16.238.506;772.08;2420.74;437.667;1.254.632;11.190.142;163.245;1.34;1.36;0.4;4.02;0.82;2.76;2.15;0.96;1.79;0.31;2.46;0.51;1.89;212559409.0;;3.335.555;15.692.344
VGB;British Virgin Islands;2020;0.139;4.605;;;;;;;;;;0.139;4.605;-11.51;-0.018;;5.499;;;;;5.499;;0.0;;;;;0.0;;0.0;;;;;0.0;30237.0;;;
BRN;Brunei;2020;10.158;23.22;;;;;;0.663;1.516;7.529;17.209;1.967;4.495;2.01;0.2;;360.375;;;87.257;183.75;89.365;;0.03;;;0.15;0.1;0.02;;0.02;;;0.49;0.07;0.02;437483.0;;;
BGR;Bulgaria;2020;37.444;5.389;;1.127;0.162;16.762;2.412;0.827;0.119;5.405;0.778;12.125;1.745;-11.32;-4.778;0.195;3831.21;104.743;2.148.148;9.478;336.392;1.206.626;25.824;0.11;0.07;0.12;0.19;0.07;0.11;0.4;0.23;0.24;0.27;0.05;0.14;0.2;6948445.0;;191.651;27.581.901
BFA;Burkina Faso;2020;3.97;0.19;;0.12;0.006;;;;;;;3.85;0.184;-8.45;-0.366;;64.321;2.439;;;;61.882;;0.01;0.01;;;;0.03;;0.0;0.01;;;;0.01;20903278.0;;;
BDI;Burundi;2020;0.602;0.051;;0.027;0.002;0.016;0.001;;;;;0.559;0.047;-14.47;-0.102;;13.057;0.283;0.658;;;12.116;;0.0;0.0;0.0;;;0.01;;0.0;0.0;0.0;;;0.0;11890781.0;;;
KHM;Cambodia;2020;15.326;0.917;;3.316;0.198;4.541;0.272;;;;;7.47;0.447;-0.02;-0.003;;158.244;17.398;22.213;;;118.633;;0.04;0.2;0.03;;;0.07;;0.01;0.04;0.0;;;0.02;16718971.0;;;
CMR;Cameroon;2020;6.889;0.26;;1.124;0.042;;;;;1.215;0.046;4.55;0.171;-6.88;-0.509;;215.092;17.541;;;11.923;185.364;;0.02;0.07;;;0.02;0.04;;0.01;0.04;;;0.0;0.03;26545864.0;;;
CAN;Canada;2020;535.823;14.197;;7.177;0.19;45.118;1.195;15.947;0.422;219.132;5.806;246.355;6.527;-8.0;-46.567;0.142;33.576.743;369.391;9.666.374;603.623;8.046.752;14.804.733;85.87;1.54;0.44;0.32;3.67;2.96;2.22;0.7;1.98;0.86;1.23;3.39;3.28;2.5;37742157.0;;3.785.898;100.309.524
CPV;Cape Verde;2020;0.55;0.989;;;;;;;;;;0.55;0.989;-8.69;-0.052;;13.287;;;;;12.97;;0.0;;;;;0.0;;0.0;;;;;0.0;555988.0;;;
CAF;Central African Republic;2020;0.188;0.039;;;;;;;;;;0.188;0.039;-10.71;-0.023;;10.544;;;;;10.544;;0.0;;;;;0.0;;0.0;;;;;0.0;4829764.0;;;
TCD;Chad;2020;0.912;0.056;;0.136;0.008;;;;;;;0.777;0.047;-9.26;-0.093;;26.058;0.899;;;;25.158;;0.0;0.01;;;;0.01;;0.0;0.0;;;;0.0;16425859.0;;;
CHL;Chile;2020;81.171;4.246;;0.782;0.041;26.082;1.364;0.029;0.002;10.84;0.567;43.438;2.272;-5.76;-4.958;0.182;2.903.063;55.811;901.868;78.689;307.154;1.559.541;;0.23;0.05;0.19;0.01;0.15;0.39;;0.17;0.13;0.11;0.44;0.13;0.26;19116209.0;;446.333;23.348.403
CHN;China;2020;10.667.887;7.412;;858.233;0.596;7.421.101;5.156;;;605.254;0.42;1.611.762;1.12;1.7;177.899;0.264;235.564.013;14.804.851;177201.99;;6.113.508;32.685.039;4.728.013;30.65;52.77;53.1;;8.18;14.56;57.61;13.89;34.3;22.48;;2.49;5.52;1439323774.0;;40.404.443;28.071.824
CXR;Christmas Island;2020;;;;;;;;;;;;;;0.0;;;;;;;;;;;;;;;;;;;;;;;;;;
COL;Colombia;2020;89.105;1.751;;5.306;0.104;21.682;0.426;0.96;0.019;24.716;0.486;36.441;0.716;-1.45;-1.314;0.182;3.399.103;184.174;745.256;60.957;641.682;1.767.033;;0.26;0.33;0.16;0.22;0.33;0.33;;0.2;0.43;0.09;0.34;0.26;0.3;50882884.0;;490.935;9.648.333
COM;Comoros;2020;0.258;0.297;;;;;;;;;;0.258;0.297;-15.49;-0.047;;5.302;;;;;5.302;;0.0;;;;;0.0;;0.0;;;;;0.0;869595.0;;;
COG;Congo;2020;3.117;0.565;;0.449;0.082;;;;;0.967;0.175;1.701;0.308;-5.3;-0.174;;78.481;3.484;;;9.256;59.993;;0.01;0.03;;;0.01;0.02;;0.0;0.01;;;0.0;0.01;5518092.0;;;
COK;Cook Islands;2020;0.079;4.522;;;;;;;;;;0.079;4.522;0.14;0.0;;2.196;;;;;2.196;;0.0;;;;;0.0;;0.0;;;;;0.0;17564.0;;;
CRI;Costa Rica;2020;7.907;1.552;;0.737;0.145;;;;;;;7.171;1.408;-10.33;-0.911;;255.062;21.388;;;;232.875;;0.02;0.05;;;;0.06;;0.02;0.05;;;;0.04;5094114.0;;;
CIV;Cote d'Ivoire;2020;10.071;0.382;;;;;;;;4.248;0.161;5.823;0.221;-3.9;-0.409;;333.932;;;;76.662;257.27;;0.03;;;;0.06;0.05;;0.02;;;;0.03;0.04;26378275.0;;;
HRV;Croatia;2020;16.982;4.137;;1.184;0.288;1.39;0.339;0.204;0.05;5.436;1.324;8.624;2.101;-4.48;-0.797;0.187;1.078.544;56.876;140.502;18.303;201.443;655.83;5.591;0.05;0.07;0.01;0.05;0.07;0.08;0.05;0.06;0.13;0.02;0.1;0.08;0.11;4105268.0;;90.747;22.105.103
CUB;Cuba;2020;20.152;1.779;;0.716;0.063;0.034;0.003;;;2.113;0.187;17.289;1.526;-10.53;-2.372;;1.614.249;59.098;11.327;;41.555;1502.27;;0.06;0.04;0.0;;0.03;0.16;;0.1;0.14;0.0;;0.02;0.25;11326616.0;;;
CUW;Curacao;2020;3.335;20.323;;;;;;;;0.116;0.71;3.219;19.614;-11.33;-0.426;;559.293;;;;1.032;558.261;;0.01;;;;0.0;0.03;;0.03;;;;0.0;0.09;164100.0;;;
CYP;Cyprus;2020;6.496;5.38;;0.789;0.654;0.057;0.047;;;0.0;0.0;5.625;4.659;-11.5;-0.844;0.23;293.026;33.114;3.883;;0.028;254.689;1.312;0.02;0.05;0.0;;0.0;0.05;0.01;0.02;0.08;0.0;;0.0;0.04;1207361.0;;28.202;23.358.362
CZE;Czechia;2020;87.975;8.215;;1.977;0.185;46.844;4.374;0.081;0.008;17.648;1.648;20.123;1.879;-12.73;-12.838;0.206;11917.74;93.954;9.677.742;8.79;669.346;1420.29;47.618;0.25;0.12;0.34;0.02;0.24;0.18;0.44;0.7;0.22;1.23;0.05;0.27;0.24;10708982.0;;427.106;39882.98
COD;Democratic Republic of Congo;2020;2.477;0.028;;0.714;0.008;;;;;;;1.763;0.02;-7.86;-0.211;;193.184;14.001;;;;133.005;;0.01;0.04;;;;0.02;;0.01;0.03;;;;0.02;89561404.0;;;
DNK;Denmark;2020;26.195;4.522;;1.129;0.195;3.083;0.532;0.195;0.034;4.822;0.832;16.638;2.873;-15.22;-4.702;0.16;4.082.633;80.221;1.841.879;18.682;273.12;1.853.778;14.953;0.08;0.07;0.02;0.04;0.07;0.15;0.11;0.24;0.19;0.23;0.1;0.11;0.31;5792203.0;;163.998;28313.54
DJI;Djibouti;2020;0.351;0.356;;0.074;0.074;;;;;;;0.278;0.281;-12.66;-0.051;;18.91;0.558;;;;18.351;;0.0;0.0;;;;0.0;;0.0;0.0;;;;0.0;988002.0;;;
DMA;Dominica;2020;0.139;1.934;;;;;;;;;;0.139;1.934;-11.51;-0.018;;4.807;;;;;4.807;;0.0;;;;;0.0;;0.0;;;;;0.0;71991.0;;;
DOM;Dominican Republic;2020;27.769;2.56;;2.047;0.189;7.539;0.695;;;2.479;0.229;15.704;1.448;0.91;0.249;;747.717;51.253;57.718;;27.315;611.431;;0.08;0.13;0.05;;0.03;0.14;;0.04;0.12;0.01;;0.01;0.1;10847904.0;;;
ECU;Ecuador;2020;30.932;1.753;;2.287;0.13;;;1.246;0.071;1.083;0.061;26.316;1.492;-15.85;-5.826;0.173;1.197.709;66.504;;59.532;32.92;1.038.753;;0.09;0.14;;0.29;0.01;0.24;;0.07;0.15;;0.33;0.01;0.18;17643060.0;;179.213;10.157.683
EGY;Egypt;2020;213.457;2.086;;18.135;0.177;0.379;0.004;;;99.613;0.973;95.33;0.932;-5.5;-12.425;0.211;6.314.498;528.638;133.525;;1973.88;3.658.248;;0.61;1.12;0.0;;1.35;0.86;;0.37;1.22;0.02;;0.8;0.62;102334403.0;;1.013.053;9899.44
SLV;El Salvador;2020;6.124;0.944;;0.388;0.06;0.004;0.001;;;;;5.732;0.884;-10.64;-0.729;;231.87;18.028;0.101;;;213.74;;0.02;0.02;0.0;;;0.05;;0.01;0.04;0.0;;;0.04;6486201.0;;;
GNQ;Equatorial Guinea;2020;10.265;7.317;;;;;;5.818;4.147;3.517;2.507;0.93;0.663;-0.04;-0.005;;179.476;;;90.482;62.8;26.193;;0.03;;;1.34;0.05;0.01;;0.01;;;0.51;0.03;0.0;1402985.0;;;
ERI;Eritrea;2020;0.722;0.204;;0.108;0.031;;;;;;;0.614;0.173;-13.48;-0.113;;17.899;1.273;;;;16.626;;0.0;0.01;;;;0.01;;0.0;0.0;;;;0.0;3546427.0;;;
EST;Estonia;2020;10.452;7.88;;0.295;0.223;6.126;4.618;0.0;0.0;0.834;0.628;3.118;2.35;-15.57;-1.928;0.202;1.630.194;22.437;1.166.515;2.842;72.674;363.514;2.213;0.03;0.02;0.04;0.0;0.01;0.03;0.03;0.1;0.05;0.15;0.02;0.03;0.06;1326539.0;;51.767;39.024.296
SWZ;Eswatini;2020;0.956;0.824;;;;0.13;0.112;;;;;0.825;0.712;-5.64;-0.057;;40.69;;20.435;;;20.254;;0.0;;0.0;;;0.01;;0.0;;0.0;;;0.0;1160164.0;;;
ETH;Ethiopia;2020;14.665;0.128;;3.604;0.031;1.453;0.013;;;;;9.608;0.084;-10.42;-1.706;;258.571;36.82;12.094;;;209.657;;0.04;0.22;0.01;;;0.09;;0.02;0.09;0.0;;;0.04;114963583.0;;;
;Europe;2020;4.946.034;6.608;;110.112;0.147;1.146.776;1.532;76.214;0.102;1.781.935;2.381;1.770.029;2.365;-8.92;-484.204;0.181;531.155.791;8.897.593;284.398.653;2.491.335;81.893.666;151.365.914;2.108.629;14.21;6.77;8.21;17.52;24.08;15.99;20.48;31.31;20.61;36.07;14.0;33.39;25.54;748843405.0;;21.429.911;28.617.347
;Europe (excl. EU-27);2020;2.347.459;7.742;;36.796;0.121;548.955;1.81;55.496;0.183;1.029.194;3.394;652.704;2.152;-6.87;-173.069;0.197;241030.43;2.958.084;124.518.514;1.750.329;49767.24;61.205.804;830.459;6.74;2.26;3.93;12.76;13.91;5.89;8.17;14.21;6.85;15.79;9.84;20.29;10.33;;;;
;Europe (excl. EU-28);2020;2017.88;8.574;;32.347;0.137;526.309;2.236;50.991;0.217;872.369;3.707;514.858;2.188;-6.21;-133.638;0.202;162.869.285;2.437.889;67.697.593;1.458.854;42.764.729;47.787.774;722.446;5.8;1.99;3.77;11.72;11.79;4.65;7.06;9.6;5.65;8.59;8.2;17.44;8.06;;;;
;European Union (27);2020;2.598.575;5.836;;73.317;0.165;597.821;1.343;20.719;0.046;752.741;1.691;1.117.325;2.509;-10.69;-311.135;0.168;290125.36;5.939.509;159.880.139;741.007;32.126.427;90160.11;1.278.169;7.47;4.51;4.28;4.76;10.17;10.09;12.31;17.1;13.76;20.28;4.16;13.1;15.21;;;15.482.087;34.771.631
;European Union (28);2020;2.928.154;5.706;;77.765;0.152;620.467;1.209;25.223;0.049;909.566;1.773;1.255.172;2.446;-10.69;-350.566;0.169;368.286.506;6.459.704;216701.06;1.032.481;39.128.937;103578.14;1.386.183;8.41;4.78;4.44;5.8;12.29;11.34;13.42;21.71;14.97;27.49;5.8;15.96;17.48;;;;
FRO;Faeroe Islands;2020;0.684;13.996;;;;;;;;;;0.684;13.996;-7.08;-0.052;;30.637;;;;;30.399;;0.0;;;;;0.01;;0.0;;;;;0.01;48865.0;;;
FJI;Fiji;2020;1.393;1.554;;0.055;0.061;;;;;;;1.339;1.494;0.13;0.002;;49.429;2.413;;;;45.126;;0.0;0.0;;;;0.01;;0.0;0.01;;;;0.01;896444.0;;;
FIN;Finland;2020;39.288;7.091;;0.583;0.105;13.693;2.471;0.065;0.012;4.148;0.749;20.212;3.648;-7.66;-3.258;0.129;3.191.081;48.009;1.247.582;2.605;236.951;1.628.323;27.612;0.11;0.04;0.1;0.01;0.06;0.18;0.2;0.19;0.11;0.16;0.01;0.1;0.27;5540718.0;;304.526;54.961.547
FRA;France;2020;276.634;4.238;;6.585;0.101;21.254;0.326;2.529;0.039;80.911;1.24;161.335;2.472;-12.44;-39.297;0.114;38.728.681;694.052;19.032.609;169.645;3.563.982;15.129.765;138.628;0.79;0.4;0.15;0.58;1.09;1.46;1.35;2.28;1.61;2.41;0.95;1.45;2.55;65273512.0;;2.417.785;37.040.828
;French Equatorial Africa;2020;;;;;;;;;;;;;;0.0;;;;;;;;;;;;;;;;;;;;;;;;;;
GUF;French Guiana;2020;0.728;2.439;;;;;;;;;;0.728;2.439;0.0;0.0;;27.49;;;;;27.49;;0.0;;;;;0.01;;0.0;;;;;0.0;298682.0;;;
PYF;French Polynesia;2020;0.828;2.949;;;;;;;;;;0.828;2.949;0.14;0.001;;28.784;;;;;28.784;;0.0;;;;;0.01;;0.0;;;;;0.0;280904.0;;;
;French West Africa;2020;;;;;;;;;;;;;;0.0;;;;;;;;;;;;;;;;;;;;;;;;;;
GAB;Gabon;2020;4.298;1.931;;0.19;0.085;;;1.627;0.731;0.718;0.323;1.763;0.792;-4.22;-0.19;;258.407;3.792;;131.242;19.093;104.281;;0.01;0.01;;0.37;0.01;0.02;;0.02;0.01;;0.74;0.01;0.02;2225728.0;;;
GMB;Gambia;2020;0.5;0.207;;;;;;;;0.004;0.002;0.496;0.205;-8.6;-0.047;;13.966;;;;0.07;13.896;;0.0;;;;0.0;0.0;;0.0;;;;0.0;0.0;2416664.0;;;
GEO;Georgia;2020;9.968;2.499;;0.798;0.2;1.177;0.295;;;4.77;1.196;3.223;0.808;-4.89;-0.512;;659.381;18.468;82.633;;245.244;310.273;;0.03;0.05;0.01;;0.06;0.03;;0.04;0.04;0.01;;0.1;0.05;3989175.0;;;
DEU;Germany;2020;644.31;7.69;;13.287;0.159;199.077;2.376;2.017;0.024;170.733;2.038;250.681;2.992;-9.43;-67.117;0.192;92.635.615;1.193.302;64.436.172;91.936;7.007.446;19.619.316;287.443;1.85;0.82;1.42;0.46;2.31;2.26;2.86;5.46;2.76;8.17;0.52;2.86;3.31;83783945.0;;3.364.175;40.152.984
GHA;Ghana;2020;16.001;0.515;;1.55;0.05;;;0.399;0.013;3.249;0.105;10.803;0.348;-5.42;-0.917;;371.319;33.075;;1.198;20.695;312.187;;0.05;0.1;;0.09;0.04;0.1;;0.02;0.08;;0.01;0.01;0.05;31072945.0;;;
GRC;Greece;2020;52.235;5.012;;3.36;0.322;9.459;0.908;0.009;0.001;11.001;1.056;27.834;2.67;-20.54;-13.501;0.188;4.073.671;280.0;1.626.463;0.416;156.544;1.985.214;25.034;0.15;0.21;0.07;0.0;0.15;0.25;0.19;0.24;0.65;0.21;0.0;0.06;0.33;10423056.0;;277.864;26658.55
GRL;Greenland;2020;0.514;9.061;;;;;;;;;;0.514;9.061;-7.08;-0.039;;33.05;;;;;30.876;;0.0;;;;;0.0;;0.0;;;;;0.01;56772.0;;;
GRD;Grenada;2020;0.295;2.62;;;;;;;;;;0.295;2.62;-11.27;-0.037;;8.263;;;;;8.263;;0.0;;;;;0.0;;0.0;;;;;0.0;112519.0;;;
GLP;Guadeloupe;2020;2.562;6.403;;;;0.469;1.172;;;;;2.093;5.231;0.0;0.0;;83.818;;10.195;;;73.623;;0.01;;0.0;;;0.02;;0.0;;0.0;;;0.01;400127.0;;;
GTM;Guatemala;2020;18.938;1.057;;1.473;0.082;5.44;0.304;;;;;12.025;0.671;-13.66;-2.996;;444.931;35.23;49.757;;;359.504;;0.05;0.09;0.04;;;0.11;;0.03;0.08;0.01;;;0.06;17915567.0;;;
GIN;Guinea;2020;3.394;0.258;;;;;;;;;;3.394;0.258;-8.69;-0.323;;86.235;;;;;86.235;;0.01;;;;;0.03;;0.01;;;;;0.01;13132792.0;;;
GNB;Guinea-Bissau;2020;0.287;0.146;;;;;;;;;;0.287;0.146;-8.69;-0.027;;10.094;;;;;10.094;;0.0;;;;;0.0;;0.0;;;;;0.0;1967998.0;;;
GUY;Guyana;2020;2.213;2.813;;0.162;0.206;;;;;;;2.051;2.608;-11.01;-0.274;;100.59;0.841;;;;99.717;;0.01;0.01;;;;0.02;;0.01;0.0;;;;0.02;786559.0;;;
HTI;Haiti;2020;2.92;0.256;;0.078;0.007;;;;;;;2.842;0.249;-11.23;-0.37;;76.215;4.291;;;;70.98;;0.01;0.0;;;;0.03;;0.0;0.01;;;;0.01;11402533.0;;;
;High-income countries;2020;11.828.816;9.776;;225.114;0.186;2607.08;2.155;155.745;0.129;3.929.713;3.248;4.823.553;3.986;-8.77;-1.136.689;0.183;966.097.326;13.967.533;448.412.967;6.474.226;146.937.116;346.825.318;3.480.164;33.98;13.84;18.65;35.8;53.11;43.56;29.43;56.95;32.36;56.88;36.39;59.92;58.52;;;;
HND;Honduras;2020;9.66;0.975;;0.765;0.077;;;;;;;8.894;0.898;-10.47;-1.129;;256.321;20.072;;;;230.756;;0.03;0.05;;;;0.08;;0.02;0.05;;;;0.04;9904608.0;;;
HKG;Hong Kong;2020;31.239;4.167;;0.763;0.102;12.789;1.706;;;9.93;1.325;7.756;1.035;-25.25;-10.551;0.121;1.620.288;32.89;779.313;;127.886;680.199;;0.09;0.05;0.09;;0.13;0.07;;0.1;0.08;0.1;;0.05;0.11;7496988.0;;258.124;34.430.312
HUN;Hungary;2020;48.275;4.997;;1.023;0.106;7.657;0.793;0.134;0.014;20.498;2.122;18.42;1.907;-1.64;-0.804;0.18;5010.79;89.075;2.611.957;12.673;1.014.896;1.259.125;23.065;0.14;0.06;0.05;0.03;0.28;0.17;0.18;0.3;0.21;0.33;0.07;0.41;0.21;9660350.0;;268.882;27.833.522
ISL;Iceland;2020;2.936;8.604;;;;0.685;2.007;0.163;0.478;0.0;0.001;2.081;6.098;-17.31;-0.615;0.052;151.824;;19.24;4.071;0.005;125.669;0.088;0.01;;0.0;0.04;0.0;0.02;0.0;0.01;;0.0;0.02;0.0;0.02;341250.0;;57.049;167.175.409
IND;India;2020;2.441.792;1.769;;122.908;0.089;1.587.552;1.15;1.678;0.001;126.984;0.092;602.67;0.437;-7.01;-184.176;0.275;54.416.489;2.475.325;35.250.945;166.235;2.348.802;14.175.181;;7.02;7.56;11.36;0.39;1.72;5.44;;3.21;5.73;4.47;0.93;0.96;2.39;1380004385.0;;8884.38;6.437.936
IDN;Indonesia;2020;589.5;2.155;;33.804;0.124;300.518;1.099;11.091;0.04;78.478;0.287;165.61;0.606;-10.76;-71.094;0.278;14399.96;672.867;3.737.105;493.654;2.440.019;7.056.314;;1.69;2.08;2.15;2.55;1.06;1.5;;0.85;1.56;0.47;2.77;0.99;1.19;273523621.0;;2.120.519;7752.6
;International transport;2020;1.004.233;;;;;;;;;;;1.004.233;;-20.16;-253.535;;42242.54;;;;;42242.54;;2.89;;;;;9.07;;2.49;;;;;7.13;;;;
IRN;Iran;2020;745.035;8.87;;23.877;0.284;5.114;0.061;60.225;0.717;434.227;5.17;221.592;2.638;1.59;11.669;0.223;18.914.439;516.436;213.625;1.929.558;7019.11;9235.71;;2.14;1.47;0.04;13.84;5.87;2.0;;1.11;1.2;0.03;10.84;2.86;1.56;83992953.0;;3.341.689;39785.35
IRQ;Iraq;2020;210.829;5.242;;3.493;0.087;;;32.316;0.803;43.428;1.08;131.593;3.272;-5.45;-12.162;0.368;4.656.536;124.422;;706.016;421.673;3.404.235;;0.61;0.21;;7.43;0.59;1.19;;0.27;0.29;;3.97;0.17;0.57;40222503.0;;572.997;14245.68
IRL;Ireland;2020;33.349;6.754;;1.893;0.383;3.345;0.677;0.0;0.0;10.815;2.19;16.787;3.4;-10.53;-3.927;0.195;2.224.061;71.837;877.414;0.102;294.156;963.354;17.198;0.1;0.12;0.02;0.0;0.15;0.15;0.17;0.13;0.17;0.11;0.0;0.12;0.16;4937796.0;;170.848;34600.01
ISR;Israel;2020;56.351;6.51;;1.775;0.205;15.406;1.78;;;19.407;2.242;19.763;2.283;-9.68;-6.043;0.194;2.379.693;84.694;785.725;;183.82;1.325.454;;0.16;0.11;0.11;;0.26;0.18;;0.14;0.2;0.1;;0.07;0.22;8655541.0;;291.039;33.624.581
ITA;Italy;2020;303.815;5.025;;7.912;0.131;22.704;0.376;2.757;0.046;139.951;2.315;127.438;2.108;-10.58;-35.957;0.187;24.739.057;942.909;4710.81;94.449;5.355.668;13.495.138;140.083;0.87;0.49;0.16;0.63;1.89;1.15;1.03;1.46;2.18;0.6;0.53;2.18;2.28;60461828.0;;1.628.598;26.935.966
JAM;Jamaica;2020;7.429;2.509;;0.38;0.128;0.53;0.179;;;0.212;0.072;6.307;2.13;-7.65;-0.616;;452.856;14.478;6.404;;0.845;431.129;;0.02;0.02;0.0;;0.0;0.06;;0.03;0.03;0.0;;0.0;0.07;2961161.0;;;
JPN;Japan;2020;1.030.775;8.15;;25.376;0.201;402.979;3.186;0.393;0.003;216.544;1.712;377.382;2.984;-6.8;-75.154;0.218;65.625.167;1.982.516;23.755.657;15.259;6.834.271;32.745.071;292.394;2.96;1.56;2.88;0.09;2.93;3.41;2.72;3.87;4.59;3.01;0.09;2.79;5.53;126476458.0;;4.730.588;37.402.909
JOR;Jordan;2020;25.487;2.498;;1.792;0.176;0.639;0.063;;;8.538;0.837;14.519;1.423;-1.0;-0.258;;701.302;54.097;6.327;;89.85;551.029;;0.07;0.11;0.0;;0.12;0.13;;0.04;0.13;0.0;;0.04;0.09;10203140.0;;;
KAZ;Kazakhstan;2020;291.336;15.516;;3.8;0.202;171.63;9.141;14.622;0.779;48.146;2.564;50.159;2.671;-1.53;-4.533;0.338;13908.24;120.587;9.177.079;523.522;1.202.322;2805.76;78.97;0.84;0.23;1.23;3.36;0.65;0.45;1.0;0.82;0.28;1.16;2.94;0.49;0.47;18776707.0;;862.796;45.950.324
KEN;Kenya;2020;16.146;0.3;;2.184;0.041;1.621;0.03;;;;;12.341;0.23;-12.0;-2.201;;467.027;50.036;25.767;;;391.224;;0.05;0.13;0.01;;;0.11;;0.03;0.12;0.0;;;0.07;53771300.0;;;
KIR;Kiribati;2020;0.068;0.57;;;;;;;;;;0.068;0.57;0.14;0.0;;2.085;;;;;2.085;;0.0;;;;;0.0;;0.0;;;;;0.0;119446.0;;;
OWID_KOS;Kosovo;2020;7.89;;;0.333;;5.529;;;;;;2.028;;-13.29;-1.21;;105.637;3.191;78.545;;;23.9;;0.02;0.02;0.04;;;0.02;;0.01;0.01;0.01;;;0.0;;;;
KWT;Kuwait;2020;88.935;20.825;;1.572;0.368;;;1.729;0.405;41.448;9.706;44.186;10.347;-7.98;-7.716;0.212;2.877.516;31.674;;284.674;1.010.768;1550.4;;0.26;0.1;;0.4;0.56;0.4;;0.17;0.07;;1.6;0.41;0.26;4270563.0;;418.605;98.021.053
;Kuwaiti Oil Fires;2020;;;;;;;;;;;;;;0.0;;;;;;;;;;;;;;;;;;;;;;;;;;
KGZ;Kyrgyzstan;2020;11.508;1.764;;0.753;0.116;4.808;0.737;;;0.668;0.102;5.279;0.809;4.45;0.49;;861.77;32.207;409.49;;86.73;327.789;;0.03;0.05;0.03;;0.01;0.05;;0.05;0.07;0.05;;0.04;0.06;6524191.0;;;
LAO;Laos;2020;33.847;4.652;;1.526;0.21;29.174;4.01;;;;;3.147;0.432;-0.25;-0.085;;178.015;13.2;109.673;;;55.142;;0.1;0.09;0.21;;;0.03;;0.01;0.03;0.01;;;0.01;7275556.0;;;
LVA;Latvia;2020;6.773;3.591;;0.561;0.298;0.093;0.049;0.0;0.0;2.085;1.105;3.979;2.11;-11.45;-0.875;0.168;950.275;16.031;152.297;1.559;155.241;623.093;2.055;0.02;0.03;0.0;0.0;0.03;0.04;0.02;0.06;0.04;0.02;0.01;0.06;0.11;1886202.0;;40.307;21.369.546
LBN;Lebanon;2020;25.969;3.805;;2.438;0.357;0.506;0.074;;;;;23.025;3.373;-2.58;-0.689;;733.434;72.156;15.107;;;645.592;;0.07;0.15;0.0;;;0.21;;0.04;0.17;0.0;;;0.11;6825442.0;;;
;Leeward Islands;2020;;;;;;;;;;;;;;0.0;;;;;;;;;;;;;;;;;;;;;;;;;;
LSO;Lesotho;2020;2.183;1.019;;;;1.531;0.715;;;;;0.652;0.304;-5.93;-0.138;;63.982;;49.526;;;14.456;;0.01;;0.01;;;0.01;;0.0;;0.01;;;0.0;2142252.0;;;
LBR;Liberia;2020;1.009;0.2;;0.122;0.024;;;;;;;0.887;0.175;-7.72;-0.084;;52.517;2.367;;;;50.151;;0.0;0.01;;;;0.01;;0.0;0.01;;;;0.01;5057677.0;;;
LBY;Libya;2020;50.721;7.382;;2.402;0.35;;;7.522;1.095;18.196;2.648;22.6;3.289;-6.95;-3.788;;2136.29;72.661;;392.323;441.35;1228.83;;0.15;0.15;;1.73;0.25;0.2;;0.13;0.17;;2.2;0.18;0.21;6871287.0;;;
LIE;Liechtenstein;2020;0.141;3.698;;;;;;;;0.05;1.307;0.091;2.39;-4.98;-0.007;;6.111;;;;1.644;4.466;;0.0;;;;0.0;0.0;;0.0;;;;0.0;0.0;38137.0;;;
LTU;Lithuania;2020;13.799;5.069;;0.578;0.212;0.627;0.23;0.234;0.086;4.466;1.64;7.858;2.886;-0.89;-0.124;0.2;1.557.847;47.069;184.864;12.327;289.582;1.020.587;3.418;0.04;0.04;0.0;0.05;0.06;0.07;0.01;0.09;0.11;0.02;0.07;0.12;0.17;2722291.0;;69.051;25.365.039
;Low-income countries;2020;156.818;0.236;;13.094;0.02;34.887;0.052;1.671;0.002;9.912;0.015;97.254;0.146;-6.16;-10.292;;9.669.658;422.543;4802.0;93.7;342.082;4.009.334;;0.45;0.81;0.25;0.38;0.13;0.88;;0.57;0.98;0.61;0.53;0.14;0.68;;;;
;Lower-middle-income countries;2020;5.825.887;1.75;;344.494;0.104;2.464.794;0.74;104.995;0.032;1.218.947;0.366;1.689.959;0.508;-5.23;-321.664;0.28;165.469.909;6.989.945;63.352.749;5.034.121;30.837.286;59.144.148;111.661;16.74;21.18;17.64;24.13;16.47;15.26;0.91;9.75;16.19;8.04;28.29;12.57;9.98;;;;
LUX;Luxembourg;2020;8.175;13.059;;0.395;0.631;0.268;0.428;0.0;0.0;1.481;2.367;5.952;9.508;-16.18;-1.578;0.205;753.686;19.86;358.055;0.002;73.649;299.997;2.124;0.02;0.02;0.0;0.0;0.02;0.05;0.03;0.04;0.05;0.05;0.0;0.03;0.05;625976.0;;39.891;63.726.112
;Macao;2020;1.263;1.945;;;;;;;;0.192;0.296;1.07;1.648;0.52;0.007;;56.561;;;;1.81;53.467;;0.0;;;;0.0;0.01;;0.0;;;;0.0;0.01;649342.0;;;
MDG;Madagascar;2020;3.68;0.133;;0.081;0.003;1.308;0.047;;;;;2.291;0.083;-9.14;-0.37;;96.77;2.29;13.442;;;81.038;;0.01;0.01;0.01;;;0.02;;0.01;0.01;0.0;;;0.01;27691019.0;;;
MWI;Malawi;2020;1.395;0.073;;0.09;0.005;0.207;0.011;;;;;1.098;0.057;-12.18;-0.194;;50.701;3.412;12.322;;;34.967;;0.0;0.01;0.0;;;0.01;;0.0;0.01;0.0;;;0.01;19129955.0;;;
MYS;Malaysia;2020;272.607;8.423;;12.016;0.371;102.608;3.17;8.915;0.275;71.954;2.223;77.115;2.383;-2.17;-6.052;0.239;6.071.964;263.386;1.137.527;287.267;1.731.652;2.652.132;;0.78;0.74;0.73;2.05;0.97;0.7;;0.36;0.61;0.14;1.61;0.71;0.45;32365998.0;;1.142.389;35.295.966
MDV;Maldives;2020;1.796;3.324;;;;;;;;;;1.796;3.324;0.14;0.003;;24.911;;;;;24.911;;0.01;;;;;0.02;;0.0;;;;;0.0;540542.0;;;
MLI;Mali;2020;3.39;0.167;;0.256;0.013;;;;;;;3.134;0.155;-8.08;-0.298;;63.319;2.232;;;;61.087;;0.01;0.02;;;;0.03;;0.0;0.01;;;;0.01;20250834.0;;;
MLT;Malta;2020;1.595;3.612;;;;0.0;0.0;;;0.702;1.59;0.893;2.022;-4.45;-0.074;;104.591;;6.408;;2.645;95.515;0.024;0.0;;0.0;;0.01;0.01;0.0;0.01;;0.0;;0.0;0.02;441539.0;;;
MHL;Marshall Islands;2020;0.151;2.556;;;;;;;;;;0.151;2.556;0.14;0.0;;3.417;;;;;3.417;;0.0;;;;;0.0;;0.0;;;;;0.0;59194.0;;;
MTQ;Martinique;2020;2.348;6.258;;;;;;;;;;2.348;6.258;0.0;0.0;;88.274;;;;;88.274;;0.01;;;;;0.02;;0.01;;;;;0.01;375265.0;;;
MRT;Mauritania;2020;3.377;0.726;;;;;;;;;;3.377;0.726;-8.69;-0.321;;75.633;;;;;75.196;;0.01;;;;;0.03;;0.0;;;;;0.01;4649660.0;;;
MUS;Mauritius;2020;3.979;3.129;;;;1.495;1.176;;;;;2.484;1.954;-9.11;-0.399;;115.757;;30.737;;;85.02;;0.01;;0.01;;;0.02;;0.01;;0.0;;;0.01;1271767.0;;;
MYT;Mayotte;2020;0.306;1.12;;;;;;;;;;0.306;1.12;0.0;0.0;;6.517;;;;;6.517;;0.0;;;;;0.0;;0.0;;;;;0.0;272813.0;;;
MEX;Mexico;2020;356.968;2.769;;20.864;0.162;16.936;0.131;;;146.978;1.14;172.189;1.336;-18.03;-78.544;0.198;20.075.006;672.507;1.496.721;;4.171.957;13230.26;;1.03;1.28;0.12;;1.99;1.56;;1.18;1.56;0.19;;1.7;2.23;128932753.0;;1.798.852;13.951.862
;Micronesia (country);2020;0.148;1.282;;;;;;;;;;0.148;1.282;0.14;0.0;;3.713;;;;;3.713;;0.0;;;;;0.0;;0.0;;;;;0.0;115021.0;;;
MDA;Moldova;2020;5.147;1.276;;0.578;0.143;0.366;0.091;;;1.954;0.484;2.249;0.557;-0.18;-0.009;;1.379.219;35.547;403.46;;197.263;739.356;;0.01;0.04;0.0;;0.03;0.02;;0.08;0.08;0.05;;0.08;0.12;4033963.0;;;
MNG;Mongolia;2020;88.442;26.978;;0.414;0.126;83.61;25.504;;;;;4.417;1.348;-0.28;-0.25;;787.437;5.734;667.326;;;114.377;;0.25;0.03;0.6;;;0.04;;0.05;0.01;0.08;;;0.02;3278292.0;;;
MNE;Montenegro;2020;2.31;3.678;;;;1.388;2.209;;;;;0.922;1.468;-12.67;-0.335;;103.621;;72.977;;;30.609;;0.01;;0.01;;;0.01;;0.01;;0.01;;;0.01;628062.0;;;
MSR;Montserrat;2020;0.025;5.065;;;;;;;;;;0.025;5.065;-11.51;-0.003;;1.618;;;;;1.618;;0.0;;;;;0.0;;0.0;;;;;0.0;4999.0;;;
MAR;Morocco;2020;64.536;1.748;;5.577;0.151;24.316;0.659;;;1.546;0.042;33.097;0.897;-5.4;-3.68;0.265;1.737.595;168.211;447.408;;32.371;1.089.605;;0.19;0.34;0.17;;0.02;0.3;;0.1;0.39;0.06;;0.01;0.18;36910558.0;;243.882;6.607.388
MOZ;Mozambique;2020;6.571;0.21;;0.93;0.03;0.103;0.003;;;1.835;0.059;3.702;0.118;-9.83;-0.717;;177.092;14.969;44.237;;12.877;105.009;;0.02;0.06;0.0;;0.02;0.03;;0.01;0.03;0.01;;0.01;0.02;31255435.0;;;
MMR;Myanmar;2020;36.326;0.668;;1.588;0.029;4.827;0.089;;;10.105;0.186;19.807;0.364;0.77;0.278;;611.491;17.29;52.993;;164.536;371.286;;0.1;0.1;0.03;;0.14;0.18;;0.04;0.04;0.01;;0.07;0.06;54409794.0;;;
NAM;Namibia;2020;3.877;1.526;;0.406;0.16;0.021;0.008;;;;;3.451;1.358;-5.02;-0.205;;76.039;3.159;3.447;;;69.433;;0.01;0.02;0.0;;;0.03;;0.0;0.01;0.0;;;0.01;2540916.0;;;
NRU;Nauru;2020;0.057;5.236;;;;;;;;;;0.057;5.236;0.14;0.0;;4.858;;;;;4.858;;0.0;;;;;0.0;;0.0;;;;;0.0;10834.0;;;
NPL;Nepal;2020;16.958;0.582;;3.435;0.118;6.235;0.214;;;;;7.288;0.25;-0.05;-0.009;;165.884;23.629;45.119;;;97.136;;0.05;0.21;0.04;;;0.07;;0.01;0.05;0.01;;;0.02;29136808.0;;;
NLD;Netherlands;2020;138.1;8.06;;0.006;0.0;16.723;0.976;1.049;0.061;70.745;4.129;48.409;2.825;-10.09;-15.5;0.147;11.739.972;56.445;3.840.109;29.149;3.876.089;3.901.217;36.963;0.4;0.0;0.12;0.24;0.96;0.44;0.39;0.69;0.13;0.49;0.16;1.58;0.66;17134873.0;;936.821;54.673.362
NCL;New Caledonia;2020;8.693;30.448;;0.033;0.115;5.77;20.212;;;;;2.889;10.121;-0.16;-0.014;;157.007;1.651;59.383;;;95.973;;0.02;0.0;0.04;;;0.03;;0.01;0.0;0.01;;;0.02;285491.0;;;
NZL;New Zealand;2020;33.475;6.942;;0.411;0.085;5.714;1.185;1.021;0.212;7.847;1.627;17.727;3.676;-10.72;-4.019;0.143;1.886.569;33.489;626.897;29.651;326.036;846.965;23.53;0.1;0.03;0.04;0.23;0.11;0.16;0.25;0.11;0.08;0.08;0.17;0.13;0.14;4822233.0;;233.462;48413.68
NIC;Nicaragua;2020;5.074;0.766;;0.353;0.053;;;;;;;4.721;0.713;-10.57;-0.599;;177.397;8.77;;;;168.626;;0.01;0.02;;;;0.04;;0.01;0.02;;;;0.03;6624554.0;;;
NER;Niger;2020;1.69;0.07;;0.02;0.001;0.341;0.014;;;;;1.329;0.055;-8.79;-0.163;;46.523;0.891;11.973;;;33.66;;0.0;0.0;0.0;;;0.01;;0.0;0.0;0.0;;;0.01;24206636.0;;;
NGA;Nigeria;2020;125.463;0.609;;8.137;0.04;0.106;0.0;15.348;0.074;39.155;0.19;62.716;0.304;-3.57;-4.641;;3.914.991;130.415;70.406;1.258.537;712.875;1.742.758;;0.36;0.5;0.0;3.53;0.53;0.57;;0.23;0.3;0.01;7.07;0.29;0.29;206139587.0;;;
NIU;Niue;2020;0.011;7.012;;;;;;;;;;0.011;7.012;0.14;0.0;;0.29;;;;;0.29;;0.0;;;;;0.0;;0.0;;;;;0.0;1618.0;;;
;North America;2020;5.775.159;9.805;;76.87;0.13;965.43;1.639;100.457;0.171;2.057.877;3.494;2549.14;4.328;-10.61;-685.568;0.192;477.801.968;4.060.243;186.969.056;3.467.716;89.871.057;191.967.142;1.466.755;16.59;4.73;6.91;23.09;27.81;23.02;8.53;28.16;9.41;23.72;19.49;36.65;32.39;592062319.0;;;
;North America (excl. USA);2020;1.062.388;4.118;;36.075;0.14;76.78;0.298;15.947;0.062;402.888;1.562;528.603;2.049;-11.83;-142.522;0.184;61.078.879;1.315.057;11.318.868;1.213.907;13.316.229;33.828.948;85.87;3.05;2.22;0.55;3.67;5.44;4.77;0.7;3.6;3.05;1.44;6.82;5.43;5.71;;;;
PRK;North Korea;2020;29.311;1.137;;2.633;0.102;23.675;0.918;;;;;3.003;0.116;-0.23;-0.068;;5.049.468;193.726;4.593.315;;;262.427;;0.08;0.16;0.17;;;0.03;;0.3;0.45;0.58;;;0.04;25778815.0;;;
MKD;North Macedonia;2020;7.147;3.43;;0.359;0.172;3.379;1.622;;;0.573;0.275;2.835;1.361;-10.38;-0.828;0.253;636.096;18.118;416.346;;5.57;195.852;;0.02;0.02;0.02;;0.01;0.03;;0.04;0.04;0.05;;0.0;0.03;2083380.0;;28.297;13.582.355
NOR;Norway;2020;41.283;7.615;;0.722;0.133;4.083;0.753;1.676;0.309;13.307;2.455;21.112;3.894;-3.69;-1.582;0.077;2.632.394;61.901;633.319;108.645;412.919;1.405.108;10.503;0.12;0.04;0.03;0.39;0.18;0.19;0.13;0.16;0.14;0.08;0.61;0.17;0.24;5421242.0;;536.049;98.879.418
;Oceania;2020;444.571;10.486;;3.523;0.083;171.301;4.041;21.362;0.504;89.064;2.101;154.67;3.648;-5.65;-26.618;0.25;20.981.298;229.925;10.919.578;316.955;2.420.702;6.960.125;134.013;1.28;0.22;1.23;4.91;1.2;1.4;1.56;1.24;0.53;1.39;1.78;0.99;1.17;42677809.0;;;
OMN;Oman;2020;62.163;12.173;;2.096;0.41;;;3.059;0.599;53.163;10.411;3.844;0.753;2.31;1.406;0.163;1.251.111;37.631;;130.566;797.988;284.926;;0.18;0.13;;0.7;0.72;0.03;;0.07;0.09;;0.73;0.33;0.05;5106622.0;;380.513;74.513.602
PAK;Pakistan;2020;234.755;1.063;;15.608;0.071;58.77;0.266;;;71.688;0.324;88.688;0.402;0.2;0.466;0.243;5.162.289;302.267;736.969;;1.855.211;2.243.083;;0.67;0.96;0.42;;0.97;0.8;;0.3;0.7;0.09;;0.76;0.38;220892331.0;;965.055;4.368.891
PLW;Palau;2020;0.219;12.125;;;;;;;;;;0.219;12.125;0.14;0.0;;10.562;;;;;10.562;;0.0;;;;;0.0;;0.0;;;;;0.0;18092.0;;;
PSE;Palestine;2020;2.899;0.568;;;;;;;;;;2.899;0.568;-2.92;-0.087;;59.438;;;;;59.438;;0.01;;;;;0.03;;0.0;;;;;0.01;5101416.0;;;
PAN;Panama;2020;10.78;2.498;;0.775;0.18;0.686;0.159;;;0.659;0.153;8.659;2.007;-12.32;-1.514;;309.251;19.935;9.731;;2.292;277.293;;0.03;0.05;0.0;;0.01;0.08;;0.02;0.05;0.0;;0.0;0.05;4314768.0;;;
;Panama Canal Zone;2020;;;;;;;;;;;;;;0.0;;;;;;;;;;;;;;;;;;;;;;;;;;
PNG;Papua New Guinea;2020;6.652;0.744;;;;;;;;1.009;0.113;5.643;0.631;0.52;0.034;;169.499;;;;11.973;157.475;;0.02;;;;0.01;0.05;;0.01;;;;0.0;0.03;8947027.0;;;
PRY;Paraguay;2020;7.57;1.061;;0.408;0.057;0.007;0.001;;;;;7.154;1.003;-11.2;-0.955;;177.914;9.672;0.051;;;168.191;;0.02;0.03;0.0;;;0.06;;0.01;0.02;0.0;;;0.03;7132530.0;;;
PER;Peru;2020;44.706;1.356;;4.32;0.131;1.239;0.038;0.202;0.006;13.133;0.398;25.812;0.783;-18.68;-10.271;0.161;1941.85;111.784;115.686;87.684;236.291;1.390.405;;0.13;0.27;0.01;0.05;0.18;0.23;;0.11;0.26;0.01;0.49;0.1;0.23;32971845.0;;276.954;8.399.715
PHL;Philippines;2020;136.018;1.241;;9.952;0.091;68.994;0.63;;;7.9;0.072;49.172;0.449;-7.23;-10.597;0.268;3.390.274;236.059;816.347;;129.539;2.208.329;;0.39;0.61;0.49;;0.11;0.44;;0.2;0.55;0.1;;0.05;0.37;109581085.0;;506.944;4626.2
POL;Poland;2020;299.593;7.916;;7.692;0.203;160.834;4.25;4.344;0.115;36.626;0.968;85.228;2.252;-6.24;-19.928;0.269;27.863.876;415.759;23.016.542;110.67;1.185.017;2.992.729;143.16;0.86;0.47;1.15;1.0;0.49;0.77;1.63;1.64;0.96;2.92;0.62;0.48;0.5;37846605.0;;1.114.704;29.453.211
PRT;Portugal;2020;40.388;3.961;;2.225;0.218;2.334;0.229;1.133;0.111;11.865;1.164;21.924;2.15;-15.2;-7.241;0.156;2.614.595;159.366;650.35;18.227;212.259;1.548.989;25.404;0.12;0.14;0.02;0.26;0.16;0.2;0.3;0.15;0.37;0.08;0.1;0.09;0.26;10196707.0;;259.044;25404.71
PRI;Puerto Rico;2020;;;;;;;;;;;;;;0.0;;;;;;;;;;;;;;;;;;;;;;;2860840.0;;;
QAT;Qatar;2020;106.655;37.019;;2.305;0.8;;;1.154;0.401;90.164;31.295;13.032;4.523;-7.29;-8.382;0.224;2.094.572;35.448;;168.549;1.557.285;333.291;;0.31;0.14;;0.27;1.22;0.12;;0.12;0.08;;0.95;0.64;0.06;2881060.0;;475.503;165.044.292
;Reunion;2020;4.588;5.124;;;;2.106;2.352;;;;;2.482;2.773;0.0;0.0;;123.868;;40.531;;;83.336;;0.01;;0.02;;;0.02;;0.01;;0.01;;;0.01;895308.0;;;
ROU;Romania;2020;71.475;3.715;;3.828;0.199;12.943;0.673;0.592;0.031;22.562;1.173;30.375;1.579;-4.5;-3.371;0.193;8.493.294;261.097;2.528.211;28.781;2.872.038;2.767.242;35.925;0.21;0.24;0.09;0.14;0.3;0.27;0.39;0.5;0.6;0.32;0.16;1.17;0.47;19237682.0;;369.751;19.220.151
RUS;Russia;2020;1.577.136;10.807;;20.306;0.139;356.946;2.446;46.762;0.32;747.591;5.123;388.774;2.664;-6.09;-102.313;0.2;115344.15;1.636.979;45.132.885;1.161.175;34.157.493;32.715.047;540.571;4.53;1.25;2.55;10.75;10.1;3.51;5.63;6.8;3.79;5.72;6.53;13.93;5.52;145934460.0;;7.865.165;53.895.194
RWA;Rwanda;2020;1.033;0.08;;0.145;0.011;0.006;0.0;;;0.041;0.003;0.84;0.065;-13.03;-0.155;;28.684;1.576;0.032;;0.266;26.789;;0.0;0.01;0.0;;0.0;0.01;;0.0;0.0;0.0;;0.0;0.0;12952209.0;;;
;Ryukyu Islands;2020;;;;;;;;;;;;;;0.0;;;;;;;;;;;;;;;;;;;;;;;;;;
SHN;Saint Helena;2020;0.009;1.564;;;;;;;;;;0.009;1.564;-11.51;-0.001;;0.379;;;;;0.379;;0.0;;;;;0.0;;0.0;;;;;0.0;6071.0;;;
KNA;Saint Kitts and Nevis;2020;0.212;3.986;;;;;;;;;;0.212;3.986;-11.51;-0.028;;6.34;;;;;6.34;;0.0;;;;;0.0;;0.0;;;;;0.0;53192.0;;;
LCA;Saint Lucia;2020;0.44;2.396;;;;;;;;;;0.44;2.396;-11.51;-0.057;;14.366;;;;;14.366;;0.0;;;;;0.0;;0.0;;;;;0.0;183629.0;;;
SPM;Saint Pierre and Miquelon;2020;0.051;8.738;;;;;;;;;;0.051;8.738;-11.51;-0.007;;3.677;;;;;3.181;;0.0;;;;;0.0;;0.0;;;;;0.0;5795.0;;;
VCT;Saint Vincent and the Grenadines;2020;0.209;1.883;;;;;;;;;;0.209;1.883;-11.51;-0.027;;6.967;;;;;6.967;;0.0;;;;;0.0;;0.0;;;;;0.0;110947.0;;;
WSM;Samoa;2020;0.246;1.239;;;;;;;;;;0.246;1.239;0.14;0.0;;6.782;;;;;6.782;;0.0;;;;;0.0;;0.0;;;;;0.0;198410.0;;;
STP;Sao Tome and Principe;2020;0.113;0.514;;;;;;;;;;0.113;0.514;-10.71;-0.014;;3.361;;;;;3.361;;0.0;;;;;0.0;;0.0;;;;;0.0;219161.0;;;
SAU;Saudi Arabia;2020;625.508;17.967;;25.593;0.735;;;0.095;0.003;257.22;7.388;342.599;9.841;0.5;3.095;0.213;15.936.377;531.614;;902.889;4.759.169;9.742.704;;1.8;1.57;;0.02;3.48;3.09;;0.94;1.23;;5.07;1.94;1.64;34813867.0;;2.933.478;84.261.772
SEN;Senegal;2020;10.451;0.624;;2.097;0.125;1.93;0.115;;;0.024;0.001;6.4;0.382;-7.23;-0.814;;243.299;37.766;18.254;;1.058;186.22;;0.03;0.13;0.01;;0.0;0.06;;0.01;0.09;0.0;;0.0;0.03;16743930.0;;;
SRB;Serbia;2020;43.135;4.937;;0.81;0.093;28.898;3.307;;;4.976;0.57;8.452;0.967;-12.57;-6.202;;2.734.456;28.922;2.051.856;;193.959;458.779;;0.12;0.05;0.21;;0.07;0.08;;0.16;0.07;0.26;;0.08;0.08;8737370.0;;;
SYC;Seychelles;2020;0.491;4.994;;;;;;;;;;0.491;4.994;-15.49;-0.09;;13.38;;;;;13.38;;0.0;;;;;0.0;;0.0;;;;;0.0;98340.0;;;
SLE;Sierra Leone;2020;0.877;0.11;;;;;;;;;;0.877;0.11;-8.69;-0.083;;36.096;;;;;35.232;;0.0;;;;;0.01;;0.0;;;;;0.01;7976985.0;;;
SGP;Singapore;2020;45.504;7.778;;;;2.051;0.351;;;21.107;3.608;22.345;3.82;-0.44;-0.201;0.048;2.157.028;;20.661;;334.116;1802.25;;0.13;;0.01;;0.29;0.2;;0.13;;0.0;;0.14;0.3;5850343.0;;948.879;162.191.999
SXM;Sint Maarten (Dutch part);2020;0.623;14.539;;;;;;;;;;0.623;14.539;-11.51;-0.081;;67.704;;;;;67.704;;0.0;;;;;0.01;;0.0;;;;;0.01;42882.0;;;
SVK;Slovakia;2020;30.73;5.629;;1.404;0.257;8.636;1.582;0.019;0.004;9.816;1.798;9.962;1.825;-9.01;-3.043;0.178;3.869.881;59.049;2.658.739;0.721;496.811;622.372;32.189;0.09;0.09;0.06;0.0;0.13;0.09;0.3;0.23;0.14;0.34;0.0;0.2;0.11;5459643.0;;173.052;31.696.583
SVN;Slovenia;2020;12.563;6.043;;0.478;0.23;4.494;2.162;0.125;0.06;1.714;0.824;5.647;2.716;-10.3;-1.443;0.169;851.1;27.772;368.713;4.485;67.14;378.488;4.502;0.04;0.03;0.03;0.03;0.02;0.05;0.04;0.05;0.06;0.05;0.03;0.03;0.06;2078931.0;;74.53;35.850.297
SLB;Solomon Islands;2020;0.299;0.435;;;;;;;;;;0.299;0.435;0.14;0.0;;10.435;;;;;10.435;;0.0;;;;;0.0;;0.0;;;;;0.0;686878.0;;;
SOM;Somalia;2020;0.562;0.035;;;;;;;;;;0.562;0.035;-15.49;-0.103;;32.89;;;;;32.785;;0.0;;;;;0.01;;0.0;;;;;0.01;15893219.0;;;
ZAF;South Africa;2020;451.957;7.62;;6.009;0.101;394.046;6.644;;;8.376;0.141;43.526;0.734;-5.04;-23.966;0.332;21.164.298;251.286;18.354.029;;187.581;2.371.402;;1.3;0.37;2.82;;0.11;0.39;;1.25;0.58;2.33;;0.08;0.4;59308690.0;;1.361.639;22958.51
;South America;2020;994.16;2.308;;43.644;0.101;107.338;0.249;50.954;0.118;229.33;0.532;556.503;1.292;-6.7;-71.349;0.166;43.288.719;1.602.704;4764.54;2.326.201;7.844.284;26.587.745;163.245;2.86;2.68;0.77;11.71;3.1;5.03;2.15;2.55;3.71;0.6;13.07;3.2;4.49;430759771.0;;;
KOR;South Korea;2020;597.605;11.656;;22.871;0.446;282.883;5.518;;;114.831;2.24;166.717;3.252;-7.78;-50.42;0.182;18.335.707;935.997;8.073.524;;1.955.101;7.168.376;202.591;1.72;1.41;2.02;;1.55;1.51;3.46;1.08;2.17;1.02;;0.8;1.21;51269183.0;;3.274.316;63.865.188
SSD;South Sudan;2020;1.179;0.105;;;;;;;;;;1.179;0.105;-15.49;-0.216;;38.352;;;;;38.243;;0.0;;;;;0.01;;0.0;;;;;0.01;11193729.0;;;
ESP;Spain;2020;208.915;4.468;;9.064;0.194;10.943;0.234;3.633;0.078;64.131;1.372;118.201;2.528;-16.93;-42.584;0.151;14.853.333;697.279;4.836.671;80.157;1.586.096;7545.43;107.7;0.6;0.56;0.08;0.84;0.87;1.07;0.99;0.88;1.62;0.61;0.45;0.65;1.27;46754783.0;;1.381.183;29.540.995
LKA;Sri Lanka;2020;21.106;0.986;;1.085;0.051;6.678;0.312;;;;;13.344;0.623;-7.53;-1.719;0.233;500.281;24.078;56.388;;;419.815;;0.06;0.07;0.05;;;0.12;;0.03;0.06;0.01;;;0.07;21413250.0;;90.734;4.237.282
;St. Kitts-Nevis-Anguilla;2020;;;;;;;;;;;;;;0.0;;;;;;;;;;;;;;;;;;;;;;;;;;
SDN;Sudan;2020;18.859;0.43;;1.556;0.036;;;;;;;17.304;0.395;-14.4;-3.172;;446.154;19.745;;;;425.124;;0.05;0.1;;;;0.16;;0.03;0.05;;;;0.07;43849269.0;;;
SUR;Suriname;2020;2.224;3.791;;0.012;0.02;;;;;0.009;0.015;2.203;3.756;-11.75;-0.296;;115.203;1.277;;;0.156;112.36;;0.01;0.0;;;0.0;0.02;;0.01;0.0;;;0.0;0.02;586634.0;;;
SWE;Sweden;2020;38.635;3.826;;1.349;0.134;7.367;0.73;0.536;0.053;1.84;0.182;27.016;2.675;-5.62;-2.302;0.063;4.987.956;110.62;1.503.429;17.103;70.227;3.267.419;19.158;0.11;0.08;0.05;0.12;0.02;0.24;0.18;0.29;0.26;0.19;0.1;0.03;0.55;10099270.0;;610.949;60.494.342
CHE;Switzerland;2020;32.298;3.732;;1.732;0.2;0.434;0.05;0.033;0.004;6.528;0.754;23.401;2.704;-12.09;-4.444;0.108;3.022.785;136.546;591.65;1.231;223.857;2062.71;6.791;0.09;0.11;0.0;0.01;0.09;0.21;0.06;0.18;0.32;0.08;0.01;0.09;0.35;8654618.0;;299.421;34.596.661
SYR;Syria;2020;30.532;1.745;;0.559;0.032;0.003;0.0;1.671;0.096;7.408;0.423;20.891;1.194;-1.54;-0.477;;1.867.934;72.463;0.622;87.722;293.893;1.413.234;;0.09;0.03;0.0;0.38;0.1;0.19;;0.11;0.17;0.0;0.49;0.12;0.24;17500657.0;;;
TWN;Taiwan;2020;273.175;11.47;;5.378;0.226;154.019;6.467;;;46.425;1.949;66.328;2.785;-0.78;-2.158;0.204;9.046.736;397.361;4.510.106;;733.35;3.363.325;42.594;0.78;0.33;1.1;;0.63;0.6;0.34;0.53;0.92;0.57;;0.3;0.57;23816775.0;;1.338.485;56.199.237
TJK;Tajikistan;2020;9.448;0.991;;1.879;0.197;4.987;0.523;;;0.114;0.012;2.468;0.259;9.42;0.814;;489.614;18.471;123.728;;83.497;261.83;;0.03;0.12;0.04;;0.0;0.02;;0.03;0.04;0.02;;0.03;0.04;9537642.0;;;
TZA;Tanzania;2020;10.939;0.183;;1.747;0.029;1.469;0.025;0.004;0.0;1.59;0.027;6.129;0.103;-9.17;-1.104;;243.841;25.156;12.118;0.07;23.135;183.364;;0.03;0.11;0.01;0.0;0.02;0.06;;0.01;0.06;0.0;0.0;0.01;0.03;59734213.0;;;
THA;Thailand;2020;257.766;3.693;;15.091;0.216;55.013;0.788;;;76.123;1.091;111.539;1.598;-5.1;-13.859;0.181;7.364.298;481.818;1.373.765;;1.678.235;3.830.481;;0.74;0.93;0.39;;1.03;1.01;;0.43;1.12;0.17;;0.68;0.65;69799978.0;;1.421.846;20.370.287
TLS;Timor;2020;0.526;0.399;;;;;;;;;;0.526;0.399;0.14;0.001;;6.543;;;;;6.256;;0.0;;;;;0.0;;0.0;;;;;0.0;1318442.0;;;
TGO;Togo;2020;2.192;0.265;;0.868;0.105;;;;;0.095;0.012;1.228;0.148;-4.93;-0.114;;66.128;20.231;;;0.524;45.373;;0.01;0.05;;;0.0;0.01;;0.0;0.05;;;0.0;0.01;8278736.0;;;
TON;Tonga;2020;0.144;1.36;;;;;;;;;;0.144;1.36;0.14;0.0;;4.384;;;;;4.384;;0.0;;;;;0.0;;0.0;;;;;0.0;105697.0;;;
TTO;Trinidad and Tobago;2020;35.509;25.373;;0.252;0.18;;;;;31.136;22.248;4.122;2.945;-12.06;-4.869;0.205;1.569.561;12.727;;;1.022.241;427.676;;0.1;0.02;;;0.42;0.04;;0.09;0.03;;;0.42;0.07;1399491.0;;173.257;123.799.685
TUN;Tunisia;2020;28.127;2.38;;3.125;0.264;;;0.275;0.023;13.056;1.105;11.671;0.988;-6.28;-1.884;;901.512;106.142;;9.549;258.433;512.787;;0.08;0.19;;0.06;0.18;0.11;;0.05;0.25;;0.05;0.11;0.09;11818618.0;;;
TUR;Turkey;2020;392.794;4.657;;35.227;0.418;156.127;1.851;0.183;0.002;88.946;1.055;105.908;1.256;-1.64;-6.551;0.225;10.839.788;847.572;4461.38;5.373;1.662.903;3726.61;135.95;1.13;2.17;1.12;0.04;1.2;0.96;2.15;0.64;1.96;0.57;0.03;0.68;0.63;84339067.0;;1.747.137;20.715.625
TKM;Turkmenistan;2020;75.338;12.491;;1.45;0.24;;;;;53.863;8.931;20.024;3.32;-1.29;-0.981;0.193;2.434.766;36.649;;;1.354.213;957.645;;0.22;0.09;;;0.73;0.18;;0.14;0.08;;;0.55;0.16;6031187.0;;389.851;64.639.236
TCA;Turks and Caicos Islands;2020;0.203;5.231;;;;;;;;;;0.203;5.231;-11.51;-0.026;;3.931;;;;;3.931;;0.0;;;;;0.0;;0.0;;;;;0.0;38718.0;;;
TUV;Tuvalu;2020;0.008;0.642;;;;;;;;;;0.008;0.642;0.15;0.0;;0.279;;;;;0.279;;0.0;;;;;0.0;;0.0;;;;;0.0;11792.0;;;
UGA;Uganda;2020;4.892;0.107;;0.372;0.008;;;;;;;4.52;0.099;-14.48;-0.829;;105.595;7.49;;;;98.105;;0.01;0.02;;;;0.04;;0.01;0.02;;;;0.02;45741000.0;;;
UKR;Ukraine;2020;213.909;4.891;;4.079;0.093;104.559;2.391;2.355;0.054;62.769;1.435;37.45;0.856;-3.9;-8.67;0.232;30.559.156;396.736;16.962.369;168.646;6.242.001;6.677.743;111.661;0.61;0.25;0.75;0.54;0.85;0.34;0.91;1.8;0.92;2.15;0.95;2.55;1.13;43733759.0;;920.527;21.048.438
ARE;United Arab Emirates;2020;150.268;15.193;;8.732;0.883;9.81;0.992;1.125;0.114;115.025;11.63;15.577;1.575;-2.54;-3.918;0.129;4.695.477;155.329;75.601;416.946;2.848.584;1.199.017;;0.43;0.54;0.07;0.26;1.55;0.14;;0.28;0.36;0.01;2.34;1.16;0.2;9890400.0;;1.163.958;117.685.602
GBR;United Kingdom;2020;329.579;4.855;;4.448;0.066;22.646;0.334;4.504;0.066;156.825;2.31;137.846;2.031;-10.69;-39.431;0.172;78.161.146;520.196;56.820.921;291.475;7002.51;13418.03;108.013;0.95;0.27;0.16;1.04;2.12;1.24;1.11;4.61;1.21;7.21;1.64;2.86;2.26;67886004.0;;1.915.147;28.211.222
USA;United States;2020;4.712.771;14.238;;40.795;0.123;888.649;2.685;84.51;0.255;1.654.988;5.0;2.020.538;6.104;-10.33;-543.046;0.193;416.723.089;2.745.186;175.650.187;2.253.809;76.554.828;158.138.194;1.380.885;13.54;2.51;6.36;19.43;22.37;18.25;7.82;24.56;6.36;22.28;12.67;31.22;26.68;331002647.0;;24.387.388;73.677.319
;Upper-middle-income countries;2020;15.895.922;6.22;;1.040.909;0.407;8.866.714;3.47;143.612;0.056;2.216.205;0.867;3.421.046;1.339;-0.99;-158.452;0.249;504.295.277;21.626.272;271.703.731;4.778.088;64.775.612;135.650.245;5.761.328;45.67;64.0;63.44;33.01;29.95;30.9;69.67;29.73;50.1;34.46;26.85;26.41;22.89;;;;
URY;Uruguay;2020;5.84;1.681;;0.32;0.092;0.002;0.001;;;0.093;0.027;5.424;1.561;-11.3;-0.744;;371.229;20.463;4.083;;2.651;344.032;;0.02;0.02;0.0;;0.0;0.05;;0.02;0.05;0.0;;0.0;0.06;3473727.0;;;
UZB;Uzbekistan;2020;112.784;3.37;;3.53;0.106;11.351;0.339;;;87.112;2.603;10.792;0.322;-1.24;-1.415;0.217;6.310.349;165.754;553.221;;3.805.499;1.752.584;;0.32;0.22;0.08;;1.18;0.1;;0.37;0.38;0.07;;1.55;0.3;33469199.0;;520.18;15.542.044
VUT;Vanuatu;2020;0.182;0.591;;;;;;;;;;0.182;0.591;0.14;0.0;;4.752;;;;;4.597;;0.0;;;;;0.0;;0.0;;;;;0.0;307150.0;;;
VEN;Venezuela;2020;84.609;2.975;;2.76;0.097;0.05;0.002;29.012;1.02;24.732;0.87;28.056;0.987;-14.69;-14.566;0.211;7.854.692;155.68;37.64;1.385.794;2.339.731;3.935.847;;0.24;0.17;0.0;6.67;0.33;0.25;;0.46;0.36;0.0;7.79;0.95;0.66;28435943.0;;400.429;14.081.797
VNM;Vietnam;2020;254.303;2.613;;53.038;0.545;126.085;1.295;;;16.735;0.172;58.445;0.6;-2.31;-6.009;0.224;3.977.272;566.585;1.818.602;;296.448;1.294.842;;0.73;3.26;0.9;;0.23;0.53;;0.23;1.31;0.23;;0.12;0.22;97338583.0;;1.135.833;11.668.892
;Wallis and Futuna;2020;0.026;2.354;;;;;;;;;;0.026;2.354;0.14;0.0;;0.507;;;;;0.507;;0.0;;;;;0.0;;0.0;;;;;0.0;11246.0;;;
OWID_WRL;World;2020;34.807.259;4.465;0.0;1.626.371;0.209;13.976.098;1.793;435.034;0.056;7.399.509;0.949;11.072.501;1.42;-5.16;-1.895.244;0.225;1.696.524.177;43163.19;788.362.044;17.792.749;245.231.878;592.621.162;7.725.988;100.0;100.0;100.0;100.0;100.0;100.0;100.0;100.0;100.0;100.0;100.0;100.0;100.0;7794798725.0;;154620.43;19836.36
YEM;Yemen;2020;9.768;0.328;;0.692;0.023;0.266;0.009;;;0.215;0.007;8.596;0.288;-2.52;-0.252;;624.654;22.826;4.711;;14.052;583.065;;0.03;0.04;0.0;;0.0;0.08;;0.04;0.05;0.0;;0.01;0.1;29825968.0;;;
ZMB;Zambia;2020;6.573;0.358;;1.066;0.058;2.418;0.132;;;;;3.089;0.168;-6.73;-0.474;;247.988;16.398;117.529;;;114.061;;0.02;0.07;0.02;;;0.03;;0.01;0.04;0.01;;;0.02;18383956.0;;;
ZWE;Zimbabwe;2020;10.531;0.709;;0.697;0.047;6.257;0.421;;;;;3.576;0.241;-3.82;-0.418;;779.383;20.959;610.146;;;148.279;;0.03;0.04;0.04;;;0.03;;0.05;0.05;0.08;;;0.03;14862927.0;;;
